field,n,t,share_seconds,reconstruct_seconds
GF(p),10,5,1.2499999999970868e-05,1.3099999999988121e-05
GF(p),20,10,3.670000000000062e-05,4.739999999991973e-05
GF(p),30,15,7.56000000000645e-05,0.00010750000000003812
GF(p),50,25,0.0001870999999999956,0.0004134000000000082
GF(p),70,35,0.0003423000000000176,0.0009346000000000076
GF(p),100,50,0.0006857000000000113,0.0017724999999999547
GF(p),200,100,0.0026207999999999787,0.005494200000000005
GF(p),300,150,0.005642800000000059,0.010373399999999977
GF(p),500,250,0.01618649999999988,0.026650900000000144
GF(p),700,350,0.03277149999999995,0.0501144
GF(p),1000,500,0.06709100000000001,0.10096269999999996
GF(2^128),10,5,4.6400000000001995e-05,0.0005214000000002272
GF(2^128),20,10,0.00019539999999995672,0.0025704000000001948
GF(2^128),30,15,0.0004702000000000872,0.004725200000000207
GF(2^128),50,25,0.0015569000000001942,0.01684449999999993
GF(2^128),70,35,0.0028510999999999953,0.028442599999999985
GF(2^128),100,50,0.006327300000000147,0.043828700000000165
GF(2^128),200,100,0.029840399999999878,0.10458409999999985
GF(2^128),300,150,0.07166220000000001,0.1770524
GF(2^128),500,250,0.21646899999999913,0.40642219999999973
GF(2^128),700,350,0.5061652999999993,0.8251973999999986
GF(2^128),1000,500,1.0135147000000018,1.4143207999999987
